concept,primary_terminology,primary_source_url,source_title,date_or_era,timestamp,definition_summary,confidence,observable_facts,interpretive_claims,current_module,relationship,severity,code_impact
Buy-Side/Sell-Side Liquidity,BSL/SSL,https://www.youtube.com/watch?v=nQfHZ2DEJ8c,2022 ICT Mentorship Episode 3,2022-01-26,unverified,liquidity associated above/below relevant price references,MEDIUM,confirmed high/low references and OHLC interaction,resting stops/orders,2.2,INTENTIONAL_DEPARTURE,GREEN,NONE
Liquidity sweep/raid,raid/sweep,https://www.youtube.com/@InnerCircleTrader,Official ICT channel,multiple eras,unverified,price trades through liquidity then response context,MEDIUM_LOW,wick/close/reclaim facts,stop raid/manipulation intent,2.2,INTENTIONAL_DEPARTURE,GREEN,NONE
Displacement,Displacement,https://www.youtube.com/@InnerCircleTrader,Official ICT channel,multiple eras,unverified,energetic directional movement,MEDIUM,price displacement and candle geometry,institutional repricing,4.1,APPROXIMATION,YELLOW,DOCUMENTATION_ONLY
Market Structure Shift,MSS,https://www.youtube.com/watch?v=nQfHZ2DEJ8c,2022 ICT Mentorship Episode 3,2022-01-26,unverified,market structure shift associated with internal liquidity context,HIGH_TERM_MEDIUM_RULE,confirmed level break and prior sequence,institutional shift,2.1C,APPROXIMATION,YELLOW,DOCUMENTATION_ONLY
Break of Structure,BOS,https://www.youtube.com/@InnerCircleTrader,Official ICT channel,multiple eras,unverified,canonical primary ICT attribution not verified,LOW,first close break with prior state,continuation interpretation,2.1C,TERMINOLOGY_ONLY,YELLOW,DOCUMENTATION_ONLY
Change of Character,CHoCH,https://www.youtube.com/@InnerCircleTrader,Official ICT channel,multiple eras,unverified,primary ICT attribution not verified; common SMC usage,LOW,opposite structural close break,reversal character interpretation,2.1C,TERMINOLOGY_ONLY,YELLOW,DOCUMENTATION_ONLY
Order Block,Order Block,https://www.youtube.com/@InnerCircleTrader,Official ICT channel,multiple eras,unverified,price zone linked to a prior candle and displacement context,MEDIUM_TERM_LOW_RULE,opposite candle zone and lifecycle,institutional order origin,4.1,APPROXIMATION,YELLOW,DOCUMENTATION_ONLY
Mitigation Block,Mitigation Block,https://www.youtube.com/@InnerCircleTrader,Official ICT channel,multiple eras,unverified,insufficient primary verification,LOW,touch/zone facts,institutional mitigation,none,NOT_IMPLEMENTED,GRAY,FUTURE_MODULE
Breaker Block,Breaker,https://www.youtube.com/@InnerCircleTrader,Official ICT channel,multiple eras,unverified,role reversal requiring prior context,LOW_MEDIUM,far-side violation/reclaim,breaker interpretation,debt-008,NOT_IMPLEMENTED,GRAY,FUTURE_MODULE
Fair Value Gap,FVG,https://www.youtube.com/@InnerCircleTrader,Official ICT channel,multiple eras,unverified,three-candle non-overlap imbalance geometry,MEDIUM_HIGH,strict three-bar gap geometry,institutional inefficiency/mandatory fill,4.2A,MATCH,GREEN,NONE
Inverse FVG,IFVG,https://www.youtube.com/@InnerCircleTrader,Official ICT channel,later eras,unverified,role reversal after FVG violation not fully verified,LOW,violation/reclaim facts,inversion/role reversal,debt-010,NOT_IMPLEMENTED,GRAY,FUTURE_MODULE
Consequent Encroachment,CE,https://www.youtube.com/@InnerCircleTrader,Official ICT channel,multiple eras,unverified,arithmetic midpoint of imbalance commonly described as CE,MEDIUM_LOW,zone midpoint,reaction/significance,4.2A,INTENTIONAL_DEPARTURE,YELLOW,DOCUMENTATION_ONLY
Dealing Range,Dealing Range,https://www.youtube.com/@InnerCircleTrader,Official ICT channel,multiple eras,unverified,range between meaningful price endpoints with multiple possible formulations,MEDIUM,confirmed endpoint range geometry,one true active dealing range,4.2B,APPROXIMATION,YELLOW,DOCUMENTATION_ONLY
Premium/Discount,Premium/Discount,https://www.youtube.com/@InnerCircleTrader,Official ICT channel,multiple eras,unverified,price location above/below dealing-range midpoint,MEDIUM_HIGH,affine range position,buy/sell implication,4.2B,MATCH,GREEN,NONE
Optimal Trade Entry,OTE,https://www.youtube.com/playlist?list=PLVgHx4Z63paaRnabpBl38GoMkxF1FiXCF,ICT OTE Pattern Recognition Series,2020 playlist,unverified,Fibonacci-based retracement entry model; exact levels require primary timestamp review,HIGH_TERM_MEDIUM_LEVELS,Fibonacci/range geometry,predictive entry zone,none,NOT_IMPLEMENTED,GRAY,FUTURE_MODULE
PD Arrays,PD Arrays,https://www.youtube.com/@InnerCircleTrader,Official ICT channel,multiple eras,unverified,price-delivery array taxonomy varies by material/era,LOW_MEDIUM,individual factual zones,unified institutional hierarchy,modules 2.2/4.x,TERMINOLOGY_ONLY,GRAY,FUTURE_MODULE
Kill Zones,Kill Zones,https://www.youtube.com/@InnerCircleTrader,Official ICT channel,multiple eras,unverified,named session time windows,MEDIUM_HIGH,timezone/session membership,predictive window importance,1.2,INTENTIONAL_DEPARTURE,GREEN,NONE
Judas Swing,Judas Swing,https://www.youtube.com/@InnerCircleTrader,Official ICT channel,multiple eras,unverified,false/protraction move around session context,LOW_MEDIUM,price/session path,engineered deception,none,NOT_IMPLEMENTED,GRAY,FUTURE_MODULE
Balanced Price Range,BPR,https://www.youtube.com/@InnerCircleTrader,Official ICT channel,multiple eras,unverified,overlapping imbalance concept requires primary review,LOW,overlapping immutable gaps,balance/significance,none,NOT_IMPLEMENTED,GRAY,FUTURE_MODULE
Liquidity Void,Liquidity Void,https://www.youtube.com/@InnerCircleTrader,Official ICT channel,multiple eras,unverified,rapidly traversed/poorly traded price area requires primary review,LOW,large-range/gap facts,latent liquidity interpretation,none,NOT_IMPLEMENTED,GRAY,FUTURE_MODULE
